"2025-10-06 00:00:00","149.32699584960938","149.34500122070312","149.26400756835938","149.32400512695312","0"
"2025-10-06 00:05:00","149.25999450683594","149.33599853515625","149.2480010986328","149.32699584960938","0"
"2025-10-06 00:10:00","149.2740020751953","149.33299255371094","149.25999450683594","149.26600646972656","0"
"2025-10-06 00:15:00","149.28399658203125","149.31399536132812","149.22000122070312","149.2740020751953","0"
"2025-10-06 00:20:00","149.32200622558594","149.33700561523438","149.28399658203125","149.28799438476562","0"
"2025-10-06 00:25:00","149.39700317382812","149.41000366210938","149.31100463867188","149.3159942626953","0"
"2025-10-06 00:30:00","149.4499969482422","149.47900390625","149.38999938964844","149.39700317382812","0"
"2025-10-06 00:35:00","149.45799255371094","149.5070037841797","149.42100524902344","149.4510040283203","0"
"2025-10-06 00:40:00","149.56100463867188","149.58999633789062","149.44700622558594","149.45899963378906","0"
"2025-10-06 00:45:00","149.6230010986328","149.65699768066406","149.5489959716797","149.56100463867188","0"
"2025-10-06 00:50:00","149.58099365234375","149.656005859375","149.55599975585938","149.61900329589844","0"
"2025-10-06 00:55:00","149.57699584960938","149.65199279785156","149.55999755859375","149.58399963378906","0"
"2025-10-06 01:00:00","149.56100463867188","149.71200561523438","149.48300170898438","149.5780029296875","0"
"2025-10-06 01:05:00","149.45199584960938","149.6219940185547","149.4459991455078","149.5659942626953","0"
"2025-10-06 01:10:00","149.5970001220703","149.63900756835938","149.4459991455078","149.4510040283203","0"
"2025-10-06 01:15:00","149.71099853515625","149.71299743652344","149.58999633789062","149.58999633789062","0"
"2025-10-06 01:20:00","149.68099975585938","149.77099609375","149.68099975585938","149.70599365234375","0"
"2025-10-06 01:25:00","149.7259979248047","149.74099731445312","149.656005859375","149.68899536132812","0"
"2025-10-06 01:30:00","149.74600219726562","149.7830047607422","149.69500732421875","149.72799682617188","0"
"2025-10-06 01:35:00","149.8260040283203","149.843994140625","149.74600219726562","149.75","0"
"2025-10-06 01:40:00","149.85000610351562","149.86099243164062","149.78799438476562","149.8280029296875","0"
"2025-10-06 01:45:00","149.72900390625","149.8509979248047","149.66200256347656","149.84800720214844","0"
"2025-10-06 01:50:00","149.7169952392578","149.74600219726562","149.58200073242188","149.7270050048828","0"
"2025-10-06 01:55:00","149.70700073242188","149.78599548339844","149.6739959716797","149.72000122070312","0"
"2025-10-06 02:00:00","149.7480010986328","149.77200317382812","149.6840057373047","149.6999969482422","0"
"2025-10-06 02:05:00","149.68299865722656","149.76300048828125","149.65499877929688","149.7469940185547","0"
"2025-10-06 02:10:00","149.65699768066406","149.697998046875","149.6219940185547","149.68600463867188","0"
"2025-10-06 02:15:00","149.70199584960938","149.70899963378906","149.5800018310547","149.66299438476562","0"
"2025-10-06 02:20:00","149.71600341796875","149.7740020751953","149.67599487304688","149.70199584960938","0"
"2025-10-06 02:25:00","149.7729949951172","149.80299377441406","149.71099853515625","149.71299743652344","0"
"2025-10-06 02:30:00","149.72799682617188","149.8000030517578","149.61500549316406","149.77099609375","0"
"2025-10-06 02:35:00","149.7550048828125","149.79800415039062","149.72000122070312","149.7239990234375","0"
"2025-10-06 02:40:00","149.81300354003906","149.82899475097656","149.74200439453125","149.7550048828125","0"
"2025-10-06 02:45:00","149.80099487304688","149.83200073242188","149.78799438476562","149.8159942626953","0"
"2025-10-06 02:50:00","149.74000549316406","149.8179931640625","149.73699951171875","149.802001953125","0"
"2025-10-06 02:55:00","149.77000427246094","149.79299926757812","149.73699951171875","149.74000549316406","0"
"2025-10-06 03:00:00","149.79299926757812","149.83099365234375","149.76699829101562","149.76699829101562","0"
"2025-10-06 03:05:00","149.8040008544922","149.8489990234375","149.71400451660156","149.7899932861328","0"
"2025-10-06 03:10:00","149.8350067138672","149.85899353027344","149.802001953125","149.8040008544922","0"
"2025-10-06 03:15:00","149.82400512695312","149.86000061035156","149.77200317382812","149.83299255371094","0"
"2025-10-06 03:20:00","149.8350067138672","149.85499572753906","149.8179931640625","149.82400512695312","0"
"2025-10-06 03:25:00","149.83799743652344","149.85299682617188","149.81700134277344","149.8350067138672","0"
"2025-10-06 03:30:00","149.8719940185547","149.8780059814453","149.8350067138672","149.83599853515625","0"
"2025-10-06 03:35:00","149.8939971923828","149.89999389648438","149.8679962158203","149.8679962158203","0"
"2025-10-06 03:40:00","149.9040069580078","149.9149932861328","149.86599731445312","149.8939971923828","0"
"2025-10-06 03:45:00","149.8820037841797","149.91799926757812","149.8780059814453","149.9010009765625","0"
"2025-10-06 03:50:00","149.86199951171875","149.88499450683594","149.8509979248047","149.8780059814453","0"
"2025-10-06 03:55:00","149.87100219726562","149.87899780273438","149.8350067138672","149.86000061035156","0"
"2025-10-06 04:00:00","149.86099243164062","149.875","149.81399536132812","149.87100219726562","0"
"2025-10-06 04:05:00","149.91299438476562","149.92799377441406","149.85499572753906","149.85800170898438","0"
"2025-10-06 04:10:00","149.93800354003906","149.9530029296875","149.90699768066406","149.91200256347656","0"
"2025-10-06 04:15:00","149.94900512695312","149.9530029296875","149.91000366210938","149.93699645996094","0"
"2025-10-06 04:20:00","149.95599365234375","149.968994140625","149.9429931640625","149.9459991455078","0"
"2025-10-06 04:25:00","149.95899963378906","149.97000122070312","149.9459991455078","149.95700073242188","0"
"2025-10-06 04:30:00","149.95700073242188","149.9709930419922","149.9239959716797","149.95700073242188","0"
"2025-10-06 04:35:00","149.96200561523438","149.96200561523438","149.90499877929688","149.95700073242188","0"
"2025-10-06 04:40:00","149.968994140625","150.0019989013672","149.9510040283203","149.95899963378906","0"
"2025-10-06 04:45:00","150.03199768066406","150.0590057373047","149.95700073242188","149.968994140625","0"
"2025-10-06 04:50:00","150.0570068359375","150.093994140625","150.0","150.03199768066406","0"
"2025-10-06 04:55:00","150.0570068359375","150.10000610351562","150.0469970703125","150.0570068359375","0"
"2025-10-06 05:00:00","149.97300720214844","150.07200622558594","149.83999633789062","150.0570068359375","0"
"2025-10-06 05:05:00","150.07000732421875","150.072998046875","149.9550018310547","149.96800231933594","0"
"2025-10-06 05:10:00","150.09100341796875","150.1179962158203","150.04200744628906","150.07200622558594","0"
"2025-10-06 05:15:00","150.1529998779297","150.16400146484375","150.03199768066406","150.08999633789062","0"
"2025-10-06 05:20:00","150.14199829101562","150.1750030517578","150.1230010986328","150.1540069580078","0"
"2025-10-06 05:25:00","150.13299560546875","150.16000366210938","150.10299682617188","150.14599609375","0"
"2025-10-06 05:30:00","150.18299865722656","150.18299865722656","150.13099670410156","150.13699340820312","0"
"2025-10-06 05:35:00","150.24400329589844","150.2530059814453","150.177001953125","150.17999267578125","0"
"2025-10-06 05:40:00","150.28399658203125","150.34300231933594","150.24200439453125","150.2449951171875","0"
"2025-10-06 05:45:00","150.27999877929688","150.2949981689453","150.21099853515625","150.28199768066406","0"
"2025-10-06 05:50:00","150.31500244140625","150.32200622558594","150.23699951171875","150.2830047607422","0"
"2025-10-06 05:55:00","150.31199645996094","150.3300018310547","150.27000427246094","150.31399536132812","0"
"2025-10-06 06:00:00","150.30599975585938","150.3419952392578","150.26100158691406","150.3090057373047","0"
"2025-10-06 06:05:00","150.3249969482422","150.3459930419922","150.2969970703125","150.30499267578125","0"
"2025-10-06 06:10:00","150.33700561523438","150.3489990234375","150.3159942626953","150.3249969482422","0"
"2025-10-06 06:15:00","150.30599975585938","150.3470001220703","150.2779998779297","150.34100341796875","0"
"2025-10-06 06:20:00","150.30599975585938","150.33599853515625","150.2449951171875","150.30299377441406","0"
"2025-10-06 06:25:00","150.34500122070312","150.36199951171875","150.30599975585938","150.30599975585938","0"
"2025-10-06 06:30:00","150.38999938964844","150.4029998779297","150.33099365234375","150.33900451660156","0"
"2025-10-06 06:35:00","150.4040069580078","150.43600463867188","150.38600158691406","150.38800048828125","0"
"2025-10-06 06:40:00","150.29600524902344","150.41600036621094","150.2830047607422","150.3990020751953","0"
"2025-10-06 06:45:00","150.31100463867188","150.33900451660156","150.26100158691406","150.2949981689453","0"
"2025-10-06 06:50:00","150.2259979248047","150.31100463867188","150.22000122070312","150.3040008544922","0"
"2025-10-06 06:55:00","150.2519989013672","150.2989959716797","150.2270050048828","150.2270050048828","0"
"2025-10-06 07:00:00","150.1999969482422","150.25799560546875","150.09800720214844","150.2550048828125","0"
"2025-10-06 07:05:00","150.26300048828125","150.29100036621094","150.1820068359375","150.19400024414062","0"
"2025-10-06 07:10:00","150.30499267578125","150.3489990234375","150.24899291992188","150.27000427246094","0"
"2025-10-06 07:15:00","150.281005859375","150.32400512695312","150.26600646972656","150.30499267578125","0"
"2025-10-06 07:20:00","150.2209930419922","150.2899932861328","150.1739959716797","150.281005859375","0"
"2025-10-06 07:25:00","150.12600708007812","150.23199462890625","150.0989990234375","150.21499633789062","0"
"2025-10-06 07:30:00","150.2169952392578","150.2760009765625","150.12600708007812","150.1280059814453","0"
"2025-10-06 07:35:00","150.1219940185547","150.2169952392578","150.0679931640625","150.21200561523438","0"
"2025-10-06 07:40:00","150.14500427246094","150.1699981689453","150.10699462890625","150.1179962158203","0"
"2025-10-06 07:45:00","150.1649932861328","150.1959991455078","150.07699584960938","150.13800048828125","0"
"2025-10-06 07:50:00","150.08200073242188","150.18299865722656","150.07200622558594","150.16099548339844","0"
"2025-10-06 07:55:00","150.031005859375","150.10299682617188","150.00399780273438","150.07699584960938","0"
"2025-10-06 08:00:00","149.99899291992188","150.04600524902344","149.94400024414062","150.0260009765625","0"
"2025-10-06 08:05:00","149.99899291992188","150.031005859375","149.9669952392578","150.0050048828125","0"
"2025-10-06 08:10:00","150.08799743652344","150.12399291992188","149.9770050048828","149.99899291992188","0"
"2025-10-06 08:15:00","150.07400512695312","150.13400268554688","150.05499267578125","150.08099365234375","0"
"2025-10-06 08:20:00","150.0959930419922","150.13099670410156","150.0570068359375","150.0800018310547","0"
"2025-10-06 08:25:00","150.01199340820312","150.09500122070312","149.9810028076172","150.09100341796875","0"
"2025-10-06 08:30:00","150.07000732421875","150.13499450683594","150.01199340820312","150.01199340820312","0"
"2025-10-06 08:35:00","150.1320037841797","150.16000366210938","150.06500244140625","150.072998046875","0"
"2025-10-06 08:40:00","150.156005859375","150.16799926757812","149.97999572753906","150.13499450683594","0"
"2025-10-06 08:45:00","150.1699981689453","150.2169952392578","150.08999633789062","150.15199279785156","0"
"2025-10-06 08:50:00","150.1060028076172","150.17599487304688","150.07699584960938","150.17100524902344","0"
"2025-10-06 08:55:00","150.02499389648438","150.12100219726562","150.00999450683594","150.10899353027344","0"
"2025-10-06 09:00:00","150.1439971923828","150.14500427246094","149.99200439453125","150.0290069580078","0"
"2025-10-06 09:05:00","150.18099975585938","150.22799682617188","150.11000061035156","150.14300537109375","0"
"2025-10-06 09:10:00","150.16700744628906","150.19700622558594","150.13600158691406","150.18299865722656","0"
"2025-10-06 09:15:00","150.21099853515625","150.2740020751953","150.16200256347656","150.16900634765625","0"
"2025-10-06 09:20:00","150.281005859375","150.30799865722656","150.2100067138672","150.21099853515625","0"
"2025-10-06 09:25:00","150.23599243164062","150.30999755859375","150.23300170898438","150.2779998779297","0"
"2025-10-06 09:30:00","150.2760009765625","150.3090057373047","150.2310028076172","150.23500061035156","0"
"2025-10-06 09:35:00","150.31100463867188","150.31900024414062","150.23300170898438","150.27200317382812","0"
"2025-10-06 09:40:00","150.322998046875","150.3679962158203","150.30999755859375","150.31100463867188","0"
"2025-10-06 09:45:00","150.33900451660156","150.34300231933594","150.3040008544922","150.32200622558594","0"
"2025-10-06 09:50:00","150.343994140625","150.3489990234375","150.29800415039062","150.34300231933594","0"
"2025-10-06 09:55:00","150.36500549316406","150.39999389648438","150.34100341796875","150.34100341796875","0"
"2025-10-06 10:00:00","150.3780059814453","150.38299560546875","150.3249969482422","150.36300659179688","0"
"2025-10-06 10:05:00","150.39999389648438","150.40499877929688","150.3489990234375","150.3730010986328","0"
"2025-10-06 10:10:00","150.35899353027344","150.4340057373047","150.35400390625","150.39599609375","0"
"2025-10-06 10:15:00","150.3489990234375","150.36300659179688","150.2949981689453","150.35499572753906","0"
"2025-10-06 10:20:00","150.32000732421875","150.36599731445312","150.3000030517578","150.3470001220703","0"
"2025-10-06 10:25:00","150.36500549316406","150.3699951171875","150.31199645996094","150.32000732421875","0"
"2025-10-06 10:30:00","150.36599731445312","150.39999389648438","150.35299682617188","150.36500549316406","0"
"2025-10-06 10:35:00","150.3769989013672","150.40699768066406","150.35000610351562","150.36599731445312","0"
"2025-10-06 10:40:00","150.46800231933594","150.4759979248047","150.3780059814453","150.3780059814453","0"
"2025-10-06 10:45:00","150.43800354003906","150.4739990234375","150.41700744628906","150.46600341796875","0"
"2025-10-06 10:50:00","150.40899658203125","150.4459991455078","150.4010009765625","150.43800354003906","0"
"2025-10-06 10:55:00","150.3719940185547","150.42799377441406","150.3459930419922","150.40899658203125","0"
"2025-10-06 11:00:00","150.39199829101562","150.4340057373047","150.36099243164062","150.3769989013672","0"
"2025-10-06 11:05:00","150.38699340820312","150.41299438476562","150.33099365234375","150.39199829101562","0"
"2025-10-06 11:10:00","150.34800720214844","150.3990020751953","150.34800720214844","150.38900756835938","0"
"2025-10-06 11:15:00","150.33599853515625","150.39199829101562","150.32000732421875","150.3520050048828","0"
"2025-10-06 11:20:00","150.37600708007812","150.38699340820312","150.31300354003906","150.34100341796875","0"
"2025-10-06 11:25:00","150.38800048828125","150.3939971923828","150.35699462890625","150.37600708007812","0"
"2025-10-06 11:30:00","150.39999389648438","150.4080047607422","150.34500122070312","150.38600158691406","0"
"2025-10-06 11:35:00","150.3820037841797","150.42799377441406","150.36900329589844","150.39700317382812","0"
"2025-10-06 11:40:00","150.35000610351562","150.38800048828125","150.33799743652344","150.3820037841797","0"
"2025-10-06 11:45:00","150.3159942626953","150.37600708007812","150.302001953125","150.3459930419922","0"
"2025-10-06 11:50:00","150.28799438476562","150.33099365234375","150.28399658203125","150.3159942626953","0"
"2025-10-06 11:55:00","150.2790069580078","150.33799743652344","150.27200317382812","150.28700256347656","0"
"2025-10-06 12:00:00","150.3000030517578","150.3350067138672","150.27200317382812","150.2790069580078","0"
"2025-10-06 12:05:00","150.33599853515625","150.33700561523438","150.2689971923828","150.3000030517578","0"
"2025-10-06 12:10:00","150.3679962158203","150.38299560546875","150.31500244140625","150.33599853515625","0"
"2025-10-06 12:15:00","150.36700439453125","150.406005859375","150.35800170898438","150.36500549316406","0"
"2025-10-06 12:20:00","150.343994140625","150.3820037841797","150.322998046875","150.36700439453125","0"
"2025-10-06 12:25:00","150.2989959716797","150.36700439453125","150.2899932861328","150.343994140625","0"
"2025-10-06 12:30:00","150.23500061035156","150.3159942626953","150.21400451660156","150.2899932861328","0"
"2025-10-06 12:35:00","150.23899841308594","150.2689971923828","150.21400451660156","150.23500061035156","0"
"2025-10-06 12:40:00","150.2519989013672","150.28399658203125","150.2310028076172","150.24000549316406","0"
"2025-10-06 12:45:00","150.30999755859375","150.31399536132812","150.2480010986328","150.2530059814453","0"
"2025-10-06 12:50:00","150.343994140625","150.35800170898438","150.2989959716797","150.30799865722656","0"
"2025-10-06 12:55:00","150.3679962158203","150.38699340820312","150.3249969482422","150.33900451660156","0"
"2025-10-06 13:00:00","150.1840057373047","150.38900756835938","149.9759979248047","150.36599731445312","0"
"2025-10-06 13:05:00","150.0399932861328","150.2239990234375","150.01499938964844","150.18699645996094","0"
"2025-10-06 13:10:00","149.9720001220703","150.05099487304688","149.843994140625","150.0449981689453","0"
"2025-10-06 13:15:00","149.91000366210938","149.99200439453125","149.8769989013672","149.9739990234375","0"
"2025-10-06 13:20:00","149.9080047607422","149.97000122070312","149.8260040283203","149.9080047607422","0"
"2025-10-06 13:25:00","149.94000244140625","149.98800659179688","149.9010009765625","149.90199279785156","0"
"2025-10-06 13:30:00","149.927001953125","149.97999572753906","149.89599609375","149.94000244140625","0"
"2025-10-06 13:35:00","149.8820037841797","149.94400024414062","149.86900329589844","149.92799377441406","0"
"2025-10-06 13:40:00","149.9040069580078","149.9290008544922","149.86099243164062","149.88499450683594","0"
"2025-10-06 13:45:00","149.84800720214844","149.94000244140625","149.84800720214844","149.90499877929688","0"
"2025-10-06 13:50:00","149.80599975585938","149.88900756835938","149.7949981689453","149.8520050048828","0"
"2025-10-06 13:55:00","149.7779998779297","149.82200622558594","149.74600219726562","149.8070068359375","0"
"2025-10-06 14:00:00","149.76800537109375","149.83299255371094","149.75599670410156","149.7779998779297","0"
"2025-10-06 14:05:00","149.7790069580078","149.80299377441406","149.7480010986328","149.76199340820312","0"
"2025-10-06 14:10:00","149.88099670410156","149.88400268554688","149.77099609375","149.7740020751953","0"
"2025-10-06 14:15:00","149.9199981689453","149.93699645996094","149.83599853515625","149.8730010986328","0"
"2025-10-06 14:20:00","149.95199584960938","149.96200561523438","149.91099548339844","149.91900634765625","0"
"2025-10-06 14:25:00","149.96499633789062","149.98399353027344","149.94400024414062","149.95599365234375","0"
"2025-10-06 14:30:00","150.02000427246094","150.08299255371094","149.9499969482422","149.96299743652344","0"
"2025-10-06 14:35:00","149.9080047607422","150.04100036621094","149.8979949951172","150.02000427246094","0"
"2025-10-06 14:40:00","149.87100219726562","149.94000244140625","149.83599853515625","149.90699768066406","0"
"2025-10-06 14:45:00","149.90699768066406","149.927001953125","149.8520050048828","149.8679962158203","0"
"2025-10-06 14:50:00","149.87399291992188","149.92799377441406","149.86099243164062","149.90699768066406","0"
"2025-10-06 14:55:00","149.92999267578125","149.9409942626953","149.83599853515625","149.87399291992188","0"
"2025-10-06 15:00:00","149.8820037841797","149.94700622558594","149.83799743652344","149.92799377441406","0"
"2025-10-06 15:05:00","149.82000732421875","149.89599609375","149.81700134277344","149.8820037841797","0"
"2025-10-06 15:10:00","149.94000244140625","149.947998046875","149.7949981689453","149.8179931640625","0"
"2025-10-06 15:15:00","149.9810028076172","149.99200439453125","149.92999267578125","149.9409942626953","0"
"2025-10-06 15:20:00","149.9770050048828","150.05499267578125","149.96299743652344","149.98199462890625","0"
"2025-10-06 15:25:00","150.01400756835938","150.02699279785156","149.9669952392578","149.9770050048828","0"
"2025-10-06 15:30:00","150.0679931640625","150.11300659179688","150.00399780273438","150.01199340820312","0"
"2025-10-06 15:35:00","150.01699829101562","150.07200622558594","150.00399780273438","150.06300354003906","0"
"2025-10-06 15:40:00","149.96600341796875","150.04100036621094","149.96200561523438","150.01699829101562","0"
"2025-10-06 15:45:00","149.9810028076172","149.99000549316406","149.91799926757812","149.96200561523438","0"
"2025-10-06 15:50:00","149.9510040283203","150.01499938964844","149.9040069580078","149.9759979248047","0"
"2025-10-06 15:55:00","149.9550018310547","150.0070037841797","149.93600463867188","149.9510040283203","0"
"2025-10-06 16:00:00","149.94000244140625","149.98199462890625","149.91700744628906","149.96099853515625","0"
"2025-10-06 16:05:00","149.9759979248047","150.0050048828125","149.927001953125","149.93899536132812","0"
"2025-10-06 16:10:00","149.9720001220703","149.99600219726562","149.96299743652344","149.9709930419922","0"
"2025-10-06 16:15:00","150.00900268554688","150.01400756835938","149.93899536132812","149.97300720214844","0"
"2025-10-06 16:20:00","150.0570068359375","150.0679931640625","149.98599243164062","150.0070037841797","0"
"2025-10-06 16:25:00","150.06300354003906","150.0919952392578","150.05099487304688","150.0590057373047","0"
"2025-10-06 16:30:00","150.0489959716797","150.11399841308594","150.0469970703125","150.0679931640625","0"
"2025-10-06 16:35:00","150.08299255371094","150.09800720214844","150.0469970703125","150.05099487304688","0"
"2025-10-06 16:40:00","150.0399932861328","150.09800720214844","150.01600646972656","150.08399963378906","0"
"2025-10-06 16:45:00","150.05499267578125","150.06900024414062","150.02999877929688","150.04400634765625","0"
"2025-10-06 16:50:00","150.07899475097656","150.08399963378906","150.0500030517578","150.0570068359375","0"
"2025-10-06 16:55:00","150.02000427246094","150.08599853515625","150.0189971923828","150.08299255371094","0"
"2025-10-06 17:00:00","149.99600219726562","150.0290069580078","149.97999572753906","150.0240020751953","0"
"2025-10-06 17:05:00","149.9759979248047","150.0019989013672","149.94900512695312","150.0","0"
"2025-10-06 17:10:00","150.06100463867188","150.06300354003906","149.968994140625","149.9709930419922","0"
"2025-10-06 17:15:00","150.0959930419922","150.10499572753906","150.04800415039062","150.05499267578125","0"
"2025-10-06 17:20:00","150.08099365234375","150.11199951171875","150.0780029296875","150.1009979248047","0"
"2025-10-06 17:25:00","150.1280059814453","150.13499450683594","150.08099365234375","150.08200073242188","0"
"2025-10-06 17:30:00","150.13299560546875","150.14700317382812","150.11599731445312","150.1269989013672","0"
"2025-10-06 17:35:00","150.11900329589844","150.14700317382812","150.1179962158203","150.1280059814453","0"
"2025-10-06 17:40:00","150.1219940185547","150.16000366210938","150.11900329589844","150.11900329589844","0"
"2025-10-06 17:45:00","150.14199829101562","150.14999389648438","150.11700439453125","150.1199951171875","0"
"2025-10-06 17:50:00","150.1529998779297","150.15899658203125","150.11700439453125","150.14599609375","0"
"2025-10-06 17:55:00","150.15699768066406","150.1719970703125","150.13699340820312","150.1540069580078","0"
"2025-10-06 18:00:00","150.1439971923828","150.16799926757812","150.13999938964844","150.156005859375","0"
"2025-10-06 18:05:00","150.11599731445312","150.16000366210938","150.11599731445312","150.1479949951172","0"
"2025-10-06 18:10:00","150.11300659179688","150.1230010986328","150.072998046875","150.1179962158203","0"
"2025-10-06 18:15:00","150.11900329589844","150.13499450683594","150.0989990234375","150.10699462890625","0"
"2025-10-06 18:20:00","150.13900756835938","150.15499877929688","150.11599731445312","150.11900329589844","0"
"2025-10-06 18:25:00","150.1490020751953","150.156005859375","150.12600708007812","150.13900756835938","0"
"2025-10-06 18:30:00","150.18499755859375","150.18699645996094","150.1490020751953","150.1490020751953","0"
"2025-10-06 18:35:00","150.14500427246094","150.18600463867188","150.14100646972656","150.17999267578125","0"
"2025-10-06 18:40:00","150.16700744628906","150.17599487304688","150.14100646972656","150.1490020751953","0"
"2025-10-06 18:45:00","150.20799255371094","150.21499633789062","150.1649932861328","150.1739959716797","0"
"2025-10-06 18:50:00","150.20399475097656","150.23800659179688","150.19500732421875","150.20799255371094","0"
"2025-10-06 18:55:00","150.2010040283203","150.22900390625","150.197998046875","150.20399475097656","0"
"2025-10-06 19:00:00","150.1929931640625","150.2100067138672","150.17999267578125","150.2050018310547","0"
"2025-10-06 19:05:00","150.2050018310547","150.218994140625","150.1909942626953","150.1959991455078","0"
"2025-10-06 19:10:00","150.2050018310547","150.24099731445312","150.2010040283203","150.20700073242188","0"
"2025-10-06 19:15:00","150.2010040283203","150.21800231933594","150.18800354003906","150.2030029296875","0"
"2025-10-06 19:20:00","150.2050018310547","150.21200561523438","150.19000244140625","150.20799255371094","0"
"2025-10-06 19:25:00","150.1719970703125","150.21200561523438","150.156005859375","150.2050018310547","0"
"2025-10-06 19:30:00","150.1909942626953","150.19900512695312","150.1699981689453","150.1699981689453","0"
"2025-10-06 19:35:00","150.22900390625","150.24000549316406","150.19000244140625","150.19500732421875","0"
"2025-10-06 19:40:00","150.2220001220703","150.24400329589844","150.21400451660156","150.23199462890625","0"
"2025-10-06 19:45:00","150.23699951171875","150.2449951171875","150.22000122070312","150.2239990234375","0"
"2025-10-06 19:50:00","150.281005859375","150.2969970703125","150.1999969482422","150.24099731445312","0"
"2025-10-06 19:55:00","150.29299926757812","150.3209991455078","150.2779998779297","150.2830047607422","0"
"2025-10-06 20:00:00","150.2949981689453","150.31900024414062","150.26800537109375","150.29400634765625","0"
"2025-10-06 20:05:00","150.27000427246094","150.30799865722656","150.26800537109375","150.29400634765625","0"
"2025-10-06 20:10:00","150.26100158691406","150.27999877929688","150.24000549316406","150.27099609375","0"
"2025-10-06 20:15:00","150.25100708007812","150.26499938964844","150.24200439453125","150.26199340820312","0"
"2025-10-06 20:20:00","150.23599243164062","150.26699829101562","150.23300170898438","150.2530059814453","0"
"2025-10-06 20:25:00","150.23500061035156","150.25100708007812","150.2259979248047","150.23599243164062","0"
"2025-10-06 20:30:00","150.24400329589844","150.25","150.23199462890625","150.23599243164062","0"
"2025-10-06 20:35:00","150.2209930419922","150.2530059814453","150.2209930419922","150.24400329589844","0"
"2025-10-06 20:40:00","150.23899841308594","150.2480010986328","150.2220001220703","150.2259979248047","0"
"2025-10-06 20:45:00","150.26499938964844","150.28700256347656","150.23199462890625","150.23800659179688","0"
"2025-10-06 20:50:00","150.27999877929688","150.28900146484375","150.26499938964844","150.27499389648438","0"
"2025-10-06 20:55:00","150.31700134277344","150.33399963378906","150.27999877929688","150.2830047607422","0"
"2025-10-06 21:00:00","150.28500366210938","150.33200073242188","150.281005859375","150.31700134277344","0"
"2025-10-06 21:05:00","150.30999755859375","150.31300354003906","150.281005859375","150.28399658203125","0"
"2025-10-06 21:10:00","150.31700134277344","150.3179931640625","150.3000030517578","150.31199645996094","0"
"2025-10-06 21:15:00","150.31900024414062","150.343994140625","150.30799865722656","150.3179931640625","0"
"2025-10-06 21:20:00","150.3260040283203","150.33999633789062","150.29600524902344","150.3159942626953","0"
"2025-10-06 21:25:00","150.3090057373047","150.33299255371094","150.3070068359375","150.3280029296875","0"
"2025-10-06 21:30:00","150.33099365234375","150.33799743652344","150.30999755859375","150.30999755859375","0"
"2025-10-06 21:35:00","150.35400390625","150.36099243164062","150.3280029296875","150.33200073242188","0"
"2025-10-06 21:40:00","150.39500427246094","150.39700317382812","150.35400390625","150.35400390625","0"
"2025-10-06 21:45:00","150.36900329589844","150.39599609375","150.35699462890625","150.38900756835938","0"
"2025-10-06 21:50:00","150.36900329589844","150.37600708007812","150.35000610351562","150.3679962158203","0"
"2025-10-06 21:55:00","150.34500122070312","150.3719940185547","150.3209991455078","150.35499572753906","0"
"2025-10-06 22:00:00","150.2550048828125","150.343994140625","150.2550048828125","150.343994140625","0"
"2025-10-06 22:05:00","150.29400634765625","150.32400512695312","150.26199340820312","150.28700256347656","0"
"2025-10-06 22:10:00","150.29200744628906","150.32400512695312","150.26699829101562","150.29299926757812","0"
"2025-10-06 22:15:00","150.24400329589844","150.302001953125","150.18899536132812","150.2989959716797","0"
"2025-10-06 22:20:00","150.2449951171875","150.2550048828125","150.2169952392578","150.25399780273438","0"
"2025-10-06 22:25:00","150.22799682617188","150.2519989013672","150.218994140625","150.2449951171875","0"
"2025-10-06 22:30:00","150.22500610351562","150.23899841308594","150.2100067138672","150.2220001220703","0"
"2025-10-06 22:35:00","150.22300720214844","150.2429962158203","150.21600341796875","150.218994140625","0"
"2025-10-06 22:40:00","150.22799682617188","150.26600646972656","150.21800231933594","150.2209930419922","0"
"2025-10-06 22:45:00","150.2570037841797","150.2570037841797","150.21800231933594","150.22999572753906","0"
"2025-10-06 22:50:00","150.23699951171875","150.2570037841797","150.2169952392578","150.23800659179688","0"
"2025-10-06 22:55:00","150.2480010986328","150.2570037841797","150.21800231933594","150.23599243164062","0"
"2025-10-06 23:00:00","150.3070068359375","150.32699584960938","150.24400329589844","150.2480010986328","0"
"2025-10-06 23:05:00","150.30299377441406","150.322998046875","150.28700256347656","150.302001953125","0"
"2025-10-06 23:10:00","150.2969970703125","150.32699584960938","150.26699829101562","150.302001953125","0"
"2025-10-06 23:15:00","150.2949981689453","150.3159942626953","150.26499938964844","150.28500366210938","0"
"2025-10-06 23:20:00","150.2949981689453","150.3179931640625","150.281005859375","150.3070068359375","0"
"2025-10-06 23:25:00","150.31199645996094","150.3209991455078","150.27999877929688","150.2949981689453","0"
"2025-10-06 23:30:00","150.3280029296875","150.33299255371094","150.29100036621094","150.3179931640625","0"
"2025-10-06 23:35:00","150.36099243164062","150.36300659179688","150.32000732421875","150.32699584960938","0"
"2025-10-06 23:40:00","150.36099243164062","150.38800048828125","150.34500122070312","150.36099243164062","0"
"2025-10-06 23:45:00","150.35000610351562","150.3699951171875","150.343994140625","150.36399841308594","0"
"2025-10-06 23:50:00","150.33599853515625","150.36900329589844","150.33399963378906","150.3470001220703","0"
"2025-10-06 23:55:00","150.32000732421875","150.34500122070312","150.31199645996094","150.33999633789062","0"
"2025-10-07 00:00:00","150.29800415039062","150.31900024414062","150.25599670410156","150.31300354003906","0"
"2025-10-07 00:05:00","150.30799865722656","150.3300018310547","150.29400634765625","150.29400634765625","0"
"2025-10-07 00:10:00","150.36700439453125","150.37100219726562","150.3070068359375","150.31100463867188","0"
"2025-10-07 00:15:00","150.36300659179688","150.37899780273438","150.3470001220703","150.36199951171875","0"
"2025-10-07 00:20:00","150.38499450683594","150.39199829101562","150.34800720214844","150.36199951171875","0"
"2025-10-07 00:25:00","150.3730010986328","150.39100646972656","150.36500549316406","150.38499450683594","0"
"2025-10-07 00:30:00","150.36700439453125","150.38400268554688","150.34500122070312","150.3699951171875","0"
"2025-10-07 00:35:00","150.3719940185547","150.38099670410156","150.34500122070312","150.36500549316406","0"
"2025-10-07 00:40:00","150.3179931640625","150.39500427246094","150.27999877929688","150.36700439453125","0"
"2025-10-07 00:45:00","150.32200622558594","150.35800170898438","150.28700256347656","150.31199645996094","0"
"2025-10-07 00:50:00","150.33599853515625","150.3470001220703","150.31700134277344","150.32200622558594","0"
"2025-10-07 00:55:00","150.36000061035156","150.3699951171875","150.30999755859375","150.33599853515625","0"
"2025-10-07 01:00:00","150.43099975585938","150.43499755859375","150.35400390625","150.35899353027344","0"
"2025-10-07 01:05:00","150.4600067138672","150.47000122070312","150.4250030517578","150.4320068359375","0"
"2025-10-07 01:10:00","150.56700134277344","150.58200073242188","150.45899963378906","150.46200561523438","0"
"2025-10-07 01:15:00","150.56399536132812","150.6179962158203","150.5540008544922","150.57200622558594","0"
"2025-10-07 01:20:00","150.51400756835938","150.58399963378906","150.50799560546875","150.5659942626953","0"
"2025-10-07 01:25:00","150.50999450683594","150.53399658203125","150.48199462890625","150.51199340820312","0"
"2025-10-07 01:30:00","150.57899475097656","150.58900451660156","150.49400329589844","150.51100158691406","0"
"2025-10-07 01:35:00","150.56500244140625","150.5959930419922","150.5240020751953","150.58399963378906","0"
"2025-10-07 01:40:00","150.53900146484375","150.57200622558594","150.52999877929688","150.56700134277344","0"
"2025-10-07 01:45:00","150.52000427246094","150.53700256347656","150.50599670410156","150.53199768066406","0"
"2025-10-07 01:50:00","150.44200134277344","150.5240020751953","150.41799926757812","150.52000427246094","0"
"2025-10-07 01:55:00","150.48599243164062","150.5","150.42799377441406","150.4340057373047","0"
"2025-10-07 02:00:00","150.57200622558594","150.57200622558594","150.48199462890625","150.48599243164062","0"
"2025-10-07 02:05:00","150.51100158691406","150.61199951171875","150.50399780273438","150.56900024414062","0"
"2025-10-07 02:10:00","150.48599243164062","150.53700256347656","150.47999572753906","150.50599670410156","0"
"2025-10-07 02:15:00","150.48500061035156","150.52000427246094","150.45799255371094","150.48599243164062","0"
"2025-10-07 02:20:00","150.44400024414062","150.49899291992188","150.41700744628906","150.48800659179688","0"
"2025-10-07 02:25:00","150.41000366210938","150.4499969482422","150.36099243164062","150.43899536132812","0"
"2025-10-07 02:30:00","150.4320068359375","150.4409942626953","150.4010009765625","150.4040069580078","0"
"2025-10-07 02:35:00","150.42799377441406","150.44500732421875","150.38999938964844","150.427001953125","0"
"2025-10-07 02:40:00","150.4759979248047","150.4770050048828","150.427001953125","150.427001953125","0"
"2025-10-07 02:45:00","150.4709930419922","150.48899841308594","150.4429931640625","150.4709930419922","0"
"2025-10-07 02:50:00","150.50799560546875","150.51499938964844","150.4709930419922","150.4709930419922","0"
"2025-10-07 02:55:00","150.5019989013672","150.5240020751953","150.4720001220703","150.50900268554688","0"
"2025-10-07 03:00:00","150.4459991455078","150.5070037841797","150.4409942626953","150.5030059814453","0"
"2025-10-07 03:05:00","150.51199340820312","150.51199340820312","150.44500732421875","150.4510040283203","0"
"2025-10-07 03:10:00","150.4199981689453","150.51100158691406","150.33599853515625","150.50799560546875","0"
"2025-10-07 03:15:00","150.44000244140625","150.4669952392578","150.41400146484375","150.41799926757812","0"
"2025-10-07 03:20:00","150.47000122070312","150.4770050048828","150.43499755859375","150.43899536132812","0"
"2025-10-07 03:25:00","150.4320068359375","150.4709930419922","150.42999267578125","150.46800231933594","0"
"2025-10-07 03:30:00","150.42599487304688","150.43600463867188","150.41000366210938","150.4320068359375","0"
"2025-10-07 03:35:00","150.43800354003906","150.447998046875","150.42300415039062","150.4290008544922","0"
"2025-10-07 03:40:00","150.46200561523438","150.4770050048828","150.43800354003906","150.43899536132812","0"
"2025-10-07 03:45:00","150.48300170898438","150.49099731445312","150.45799255371094","150.46099853515625","0"
"2025-10-07 03:50:00","150.4709930419922","150.5019989013672","150.46400451660156","150.48399353027344","0"
"2025-10-07 03:55:00","150.531005859375","150.53599548339844","150.46800231933594","150.4709930419922","0"
"2025-10-07 04:00:00","150.50799560546875","150.53399658203125","150.5","150.5260009765625","0"
"2025-10-07 04:05:00","150.45399475097656","150.51199340820312","150.44900512695312","150.5019989013672","0"
"2025-10-07 04:10:00","150.40899658203125","150.46299743652344","150.40699768066406","150.45599365234375","0"
"2025-10-07 04:15:00","150.38900756835938","150.41400146484375","150.35800170898438","150.41400146484375","0"
"2025-10-07 04:20:00","150.3719940185547","150.4040069580078","150.35899353027344","150.39100646972656","0"
"2025-10-07 04:25:00","150.38099670410156","150.38600158691406","150.36399841308594","150.3679962158203","0"
"2025-10-07 04:30:00","150.41900634765625","150.43499755859375","150.3800048828125","150.38299560546875","0"
"2025-10-07 04:35:00","150.41600036621094","150.45399475097656","150.38299560546875","150.41600036621094","0"
"2025-10-07 04:40:00","150.38600158691406","150.4250030517578","150.37600708007812","150.41900634765625","0"
"2025-10-07 04:45:00","150.40899658203125","150.427001953125","150.3769989013672","150.38099670410156","0"
"2025-10-07 04:50:00","150.39599609375","150.41799926757812","150.38600158691406","150.4029998779297","0"
"2025-10-07 04:55:00","150.36099243164062","150.40199279785156","150.35499572753906","150.3939971923828","0"
"2025-10-07 05:00:00","150.33900451660156","150.375","150.32899475097656","150.35699462890625","0"
"2025-10-07 05:05:00","150.31500244140625","150.3459930419922","150.3070068359375","150.33399963378906","0"
"2025-10-07 05:10:00","150.3179931640625","150.3300018310547","150.3040008544922","150.31399536132812","0"
"2025-10-07 05:15:00","150.33700561523438","150.34300231933594","150.31100463867188","150.3159942626953","0"
"2025-10-07 05:20:00","150.33700561523438","150.34500122070312","150.31199645996094","150.33700561523438","0"
"2025-10-07 05:25:00","150.3070068359375","150.34500122070312","150.2830047607422","150.33999633789062","0"
"2025-10-07 05:30:00","150.29400634765625","150.3090057373047","150.2429962158203","150.30099487304688","0"
"2025-10-07 05:35:00","150.36099243164062","150.36199951171875","150.28900146484375","150.28900146484375","0"
"2025-10-07 05:40:00","150.3719940185547","150.38900756835938","150.33799743652344","150.35400390625","0"
"2025-10-07 05:45:00","150.4199981689453","150.43499755859375","150.3679962158203","150.3719940185547","0"
"2025-10-07 05:50:00","150.42300415039062","150.44000244140625","150.4080047607422","150.41600036621094","0"
"2025-10-07 05:55:00","150.40899658203125","150.4429931640625","150.4040069580078","150.4199981689453","0"
"2025-10-07 06:00:00","150.43099975585938","150.4510040283203","150.39700317382812","150.41099548339844","0"
"2025-10-07 06:05:00","150.4770050048828","150.4770050048828","150.427001953125","150.427001953125","0"
"2025-10-07 06:10:00","150.468994140625","150.50599670410156","150.46600341796875","150.4709930419922","0"
"2025-10-07 06:15:00","150.4810028076172","150.4980010986328","150.45700073242188","150.4669952392578","0"
"2025-10-07 06:20:00","150.50799560546875","150.5240020751953","150.47799682617188","150.47799682617188","0"
"2025-10-07 06:25:00","150.48500061035156","150.52099609375","150.47999572753906","150.51199340820312","0"
"2025-10-07 06:30:00","150.45599365234375","150.4929962158203","150.45399475097656","150.48300170898438","0"
"2025-10-07 06:35:00","150.48399353027344","150.52200317382812","150.4290008544922","150.4600067138672","0"
"2025-10-07 06:40:00","150.5050048828125","150.51600646972656","150.44900512695312","150.4759979248047","0"
"2025-10-07 06:45:00","150.4739990234375","150.50799560546875","150.4600067138672","150.50100708007812","0"
"2025-10-07 06:50:00","150.4949951171875","150.49600219726562","150.447998046875","150.47300720214844","0"
"2025-10-07 06:55:00","150.49200439453125","150.54100036621094","150.4810028076172","150.49200439453125","0"
"2025-10-07 07:00:00","150.5500030517578","150.57899475097656","150.49099731445312","150.4929962158203","0"
"2025-10-07 07:05:00","150.5959930419922","150.63699340820312","150.552001953125","150.55599975585938","0"
"2025-10-07 07:10:00","150.6179962158203","150.677001953125","150.52499389648438","150.5959930419922","0"
"2025-10-07 07:15:00","150.6219940185547","150.65499877929688","150.57400512695312","150.6230010986328","0"
"2025-10-07 07:20:00","150.64700317382812","150.66799926757812","150.60299682617188","150.6219940185547","0"
"2025-10-07 07:25:00","150.6840057373047","150.69700622558594","150.64500427246094","150.64500427246094","0"
"2025-10-07 07:30:00","150.66299438476562","150.69200134277344","150.6490020751953","150.68800354003906","0"
"2025-10-07 07:35:00","150.64500427246094","150.677001953125","150.6280059814453","150.66299438476562","0"
"2025-10-07 07:40:00","150.63099670410156","150.65699768066406","150.62600708007812","150.64100646972656","0"
"2025-10-07 07:45:00","150.61599731445312","150.6540069580078","150.61300659179688","150.6280059814453","0"
"2025-10-07 07:50:00","150.63699340820312","150.66000366210938","150.61300659179688","150.61399841308594","0"
"2025-10-07 07:55:00","150.6219940185547","150.65499877929688","150.5760040283203","150.63800048828125","0"
"2025-10-07 08:00:00","150.61599731445312","150.65499877929688","150.60400390625","150.6199951171875","0"
"2025-10-07 08:05:00","150.6479949951172","150.69200134277344","150.6020050048828","150.61399841308594","0"
"2025-10-07 08:10:00","150.6269989013672","150.71099853515625","150.61599731445312","150.6479949951172","0"
"2025-10-07 08:15:00","150.5590057373047","150.63400268554688","150.55799865722656","150.62600708007812","0"
"2025-10-07 08:20:00","150.5709991455078","150.59800720214844","150.5449981689453","150.55799865722656","0"
"2025-10-07 08:25:00","150.55499267578125","150.57400512695312","150.53199768066406","150.57000732421875","0"
"2025-10-07 08:30:00","150.58099365234375","150.60000610351562","150.55499267578125","150.5570068359375","0"
"2025-10-07 08:35:00","150.55099487304688","150.5919952392578","150.5500030517578","150.58099365234375","0"
"2025-10-07 08:40:00","150.6219940185547","150.6230010986328","150.5500030517578","150.5500030517578","0"
"2025-10-07 08:45:00","150.6300048828125","150.65199279785156","150.6060028076172","150.61500549316406","0"
"2025-10-07 08:50:00","150.6179962158203","150.63499450683594","150.58999633789062","150.63400268554688","0"
"2025-10-07 08:55:00","150.61900329589844","150.63499450683594","150.60000610351562","150.61900329589844","0"
"2025-10-07 09:00:00","150.53599548339844","150.6300048828125","150.531005859375","150.6219940185547","0"
"2025-10-07 09:05:00","150.5780029296875","150.58999633789062","150.52000427246094","150.53199768066406","0"
"2025-10-07 09:10:00","150.5760040283203","150.5989990234375","150.56300354003906","150.58700561523438","0"
"2025-10-07 09:15:00","150.63800048828125","150.6540069580078","150.56500244140625","150.5760040283203","0"
"2025-10-07 09:20:00","150.6300048828125","150.65899658203125","150.6199951171875","150.63800048828125","0"
"2025-10-07 09:25:00","150.66099548339844","150.6699981689453","150.63099670410156","150.63299560546875","0"
"2025-10-07 09:30:00","150.68899536132812","150.7169952392578","150.64599609375","150.66600036621094","0"
"2025-10-07 09:35:00","150.73699951171875","150.74400329589844","150.68899536132812","150.68899536132812","0"
"2025-10-07 09:40:00","150.7480010986328","150.76400756835938","150.7220001220703","150.73800659179688","0"
"2025-10-07 09:45:00","150.76699829101562","150.7899932861328","150.74200439453125","150.74200439453125","0"
"2025-10-07 09:50:00","150.78500366210938","150.78900146484375","150.75900268554688","150.76199340820312","0"
"2025-10-07 09:55:00","150.78599548339844","150.83200073242188","150.77699279785156","150.78399658203125","0"
"2025-10-07 10:00:00","150.79400634765625","150.8300018310547","150.75999450683594","150.78599548339844","0"
"2025-10-07 10:05:00","150.75799560546875","150.8000030517578","150.74899291992188","150.79299926757812","0"
"2025-10-07 10:10:00","150.79800415039062","150.8209991455078","150.74000549316406","150.7550048828125","0"
"2025-10-07 10:15:00","150.8090057373047","150.82400512695312","150.79100036621094","150.7969970703125","0"
"2025-10-07 10:20:00","150.79600524902344","150.8260040283203","150.78500366210938","150.80799865722656","0"
